id,name,cost
0,screwdriver,2.981163654
1,wrench,6.490396437
2,hammer,2.903732121
3,sickle,8.901569764
4,candle,9.806494914
5,bandsaw,10.43525219
